antecedents,consequents,antecedent support,consequent support,support,confidence,lift,representativity,leverage,conviction,zhangs_metric,jaccard,certainty,kulczynski
['WOODEN HEART CHRISTMAS SCANDINAVIAN'],['WOODEN STAR CHRISTMAS SCANDINAVIAN'],0.029915480427046264,0.028469750889679714,0.02157473309608541,0.7211895910780669,25.3317843866171,1.0,0.020723046820582312,3.4845551601423486,0.9901445520847244,0.5861027190332327,0.7130193226847502,0.7395010455390334
['WOODEN STAR CHRISTMAS SCANDINAVIAN'],['WOODEN HEART CHRISTMAS SCANDINAVIAN'],0.028469750889679714,0.029915480427046264,0.02157473309608541,0.7578125,25.331784386617098,1.0,0.020723046820582312,4.0055102743657445,0.9886711226917412,0.5861027190332327,0.7503439183767052,0.7395010455390334
['PINK REGENCY TEACUP AND SAUCER'],['GREEN REGENCY TEACUP AND SAUCER'],0.04253781138790035,0.05632784697508897,0.035142348754448396,0.8261437908496733,14.666702798263103,1.0,0.032746285423935546,5.4278886997297535,0.9732168652379143,0.5514834205933682,0.8157663033787357,0.7250166140822898
['GREEN REGENCY TEACUP AND SAUCER'],['PINK REGENCY TEACUP AND SAUCER'],0.05632784697508897,0.04253781138790035,0.035142348754448396,0.6238894373149062,14.666702798263103,1.0,0.032746285423935546,2.5456934306143224,0.987438642539134,0.5514834205933682,0.6071797224386593,0.7250166140822898
['GARDENERS KNEELING PAD KEEP CALM'],['GARDENERS KNEELING PAD CUP OF TEA'],0.050767348754448396,0.042148576512455516,0.03036032028469751,0.5980284775465499,14.188580659890704,1.0,0.028220548801386126,2.382883786496262,0.97923389558326,0.48533333333333334,0.580340423789455,0.6591725501189214
['GARDENERS KNEELING PAD CUP OF TEA'],['GARDENERS KNEELING PAD KEEP CALM'],0.042148576512455516,0.050767348754448396,0.03036032028469751,0.7203166226912928,14.188580659890702,1.0,0.028220548801386126,3.3939544794534338,0.9704227232962864,0.48533333333333334,0.7053584524913719,0.6591725501189214
['ROSES REGENCY TEACUP AND SAUCER'],['PINK REGENCY TEACUP AND SAUCER'],0.05921930604982206,0.04253781138790035,0.033251779359430605,0.5615023474178404,13.200076099297311,1.0,0.03073271968816093,2.1835058476914053,0.9824211603546389,0.48538961038961037,0.5420209196795658,0.6716008469115347
['PINK REGENCY TEACUP AND SAUCER'],['ROSES REGENCY TEACUP AND SAUCER'],0.04253781138790035,0.05921930604982206,0.033251779359430605,0.7816993464052289,13.200076099297311,1.0,0.03073271968816093,4.309564256717883,0.9653048151483904,0.48538961038961037,0.7679579789438877,0.6716008469115347
['SET/20 RED RETROSPOT PAPER NAPKINS'],['SET/6 RED SPOTTY PAPER PLATES'],0.054826512455516015,0.029303825622775802,0.020573843416370106,0.3752535496957404,12.80561639037608,1.0,0.018967216855868718,1.5537442011947127,0.9753862934590078,0.3237095363079615,0.356393414545924,0.5386704181116273
['SET/6 RED SPOTTY PAPER PLATES'],['SET/20 RED RETROSPOT PAPER NAPKINS'],0.029303825622775802,0.054826512455516015,0.020573843416370106,0.7020872865275142,12.80561639037608,1.0,0.018967216855868718,3.1726524072353053,0.9497402884926512,0.3237095363079615,0.6848063160907645,0.5386704181116273
['GREEN REGENCY TEACUP AND SAUCER'],['ROSES REGENCY TEACUP AND SAUCER'],0.05632784697508897,0.05921930604982206,0.04264902135231317,0.7571569595261599,12.785643906214517,1.0,0.03931332534316783,3.87402781695744,0.9768088165124387,0.5850495804729213,0.7418707228629623,0.7386723764766949
['ROSES REGENCY TEACUP AND SAUCER'],['GREEN REGENCY TEACUP AND SAUCER'],0.05921930604982206,0.05632784697508897,0.04264902135231317,0.72018779342723,12.785643906214517,1.0,0.03931332534316783,3.3725196072870145,0.9798110068581237,0.5850495804729213,0.7034857861643572,0.7386723764766949
['CHARLOTTE BAG PINK POLKADOT'],['STRAWBERRY CHARLOTTE BAG'],0.04125889679715303,0.04014679715302491,0.021074288256227758,0.5107816711590296,12.722849825656494,1.0,0.019417875695754865,1.9620139848827973,0.9610532543255882,0.3493087557603686,0.4903196370133234,0.5178562095407336
['STRAWBERRY CHARLOTTE BAG'],['CHARLOTTE BAG PINK POLKADOT'],0.04014679715302491,0.04125889679715303,0.021074288256227758,0.5249307479224377,12.722849825656494,1.0,0.019417875695754865,2.0181080947885,0.9599397642846595,0.3493087557603686,0.5044864035864238,0.5178562095407336
['SPACEBOY LUNCH BOX'],['DOLLY GIRL LUNCH BOX'],0.05004448398576512,0.04726423487544484,0.029915480427046264,0.5977777777777779,12.647571241830068,1.0,0.027550166181722624,2.3686800790389495,0.96944901161895,0.443894389438944,0.5778239497814612,0.615359477124183
['DOLLY GIRL LUNCH BOX'],['SPACEBOY LUNCH BOX'],0.04726423487544484,0.05004448398576512,0.029915480427046264,0.6329411764705883,12.647571241830068,1.0,0.027550166181722624,2.5880198352951918,0.9666199903407343,0.443894389438944,0.6136041979423472,0.615359477124183
['JUMBO BAG PEARS'],['JUMBO BAG APPLES'],0.03308496441281139,0.05438167259786477,0.022575622775800712,0.6823529411764705,12.547479850836037,1.0,0.020776407073191196,2.9769465862659805,0.9517927504704718,0.34790059982862037,0.6640853401221714,0.5487429327559243
['JUMBO BAG APPLES'],['JUMBO BAG PEARS'],0.05438167259786477,0.03308496441281139,0.022575622775800712,0.4151329243353783,12.547479850836037,1.0,0.020776407073191196,1.6532218615459273,0.9732285156962857,0.34790059982862037,0.39512050786402,0.5487429327559243
['HOT WATER BOTTLE I AM SO POORLY'],['CHOCOLATE HOT WATER BOTTLE'],0.03653247330960854,0.04770907473309609,0.02179715302491103,0.5966514459665144,12.506036834803957,1.0,0.02005422252559808,2.3609627845296446,0.9549243660065745,0.3490650044523597,0.5764439801624311,0.5267639514214857
['CHOCOLATE HOT WATER BOTTLE'],['HOT WATER BOTTLE I AM SO POORLY'],0.04770907473309609,0.03653247330960854,0.02179715302491103,0.45687645687645684,12.506036834803956,1.0,0.02005422252559808,1.7739380641638538,0.966131874915095,0.3490650044523597,0.4362824609260807,0.5267639514214857
['RED RETROSPOT CHARLOTTE BAG'],['CHARLOTTE BAG PINK POLKADOT'],0.05738434163701068,0.04125889679715303,0.029025800711743772,0.5058139534883721,12.259512317432458,1.0,0.026658186082369778,1.9400408205987023,0.9743427012307909,0.4169329073482428,0.48454692840360075,0.6046589983075283
['CHARLOTTE BAG PINK POLKADOT'],['RED RETROSPOT CHARLOTTE BAG'],0.04125889679715303,0.05738434163701068,0.029025800711743772,0.7035040431266846,12.259512317432456,1.0,0.026658186082369778,3.179185538660627,0.9579548469588428,0.4169329073482428,0.6854540297068367,0.6046589983075283
['WOODLAND CHARLOTTE BAG'],['STRAWBERRY CHARLOTTE BAG'],0.04631895017793594,0.04014679715302491,0.022575622775800712,0.4873949579831933,12.140319839847297,1.0,0.02071606527866605,1.8725005104719679,0.9621978410829569,0.35335073977371634,0.46595475173037587,0.5248609138946438
['STRAWBERRY CHARLOTTE BAG'],['WOODLAND CHARLOTTE BAG'],0.04014679715302491,0.04631895017793594,0.022575622775800712,0.5623268698060943,12.140319839847297,1.0,0.02071606527866605,2.1789801201630707,0.9560106113088747,0.35335073977371634,0.5410697001103608,0.5248609138946438
['STRAWBERRY CHARLOTTE BAG'],['RED RETROSPOT CHARLOTTE BAG'],0.04014679715302491,0.05738434163701068,0.027024021352313167,0.6731301939058172,11.730206789924628,1.0,0.02472022382885222,2.8837648531274507,0.9530103231103502,0.3832807570977918,0.6532310882021128,0.5720302132319783
['RED RETROSPOT CHARLOTTE BAG'],['STRAWBERRY CHARLOTTE BAG'],0.05738434163701068,0.04014679715302491,0.027024021352313167,0.4709302325581395,11.730206789924626,1.0,0.02472022382885222,1.814228031754722,0.9704379540780359,0.3832807570977918,0.4488013730926648,0.5720302132319783
['STRAWBERRY CHARLOTTE BAG'],['CHARLOTTE BAG SUKI DESIGN'],0.04014679715302491,0.04904359430604982,0.023076067615658363,0.5747922437673131,11.720026884253242,1.0,0.021107124383398134,2.2364512212085734,0.9529331786653044,0.3490328006728343,0.5528630401070845,0.5226568928587132
['CHARLOTTE BAG SUKI DESIGN'],['STRAWBERRY CHARLOTTE BAG'],0.04904359430604982,0.04014679715302491,0.023076067615658363,0.4705215419501134,11.72002688425324,1.0,0.021107124383398134,1.8128276764690194,0.9618484697766626,0.3490328006728343,0.4483755886010219,0.5226568928587132
['CHARLOTTE BAG PINK POLKADOT'],['WOODLAND CHARLOTTE BAG'],0.04125889679715303,0.04631895017793594,0.02196396797153025,0.532345013477089,11.493028478237656,1.0,0.02005289918638632,2.0392833976022233,0.9522807862461256,0.3347457627118644,0.509631667096494,0.5032673446737186
['WOODLAND CHARLOTTE BAG'],['CHARLOTTE BAG PINK POLKADOT'],0.04631895017793594,0.04125889679715303,0.02196396797153025,0.47418967587034816,11.493028478237656,1.0,0.02005289918638632,1.8233592213880627,0.957333410090123,0.3347457627118644,0.4515617173676105,0.5032673446737186
['CHARLOTTE BAG PINK POLKADOT'],['CHARLOTTE BAG SUKI DESIGN'],0.04125889679715303,0.04904359430604982,0.022798042704626334,0.5525606469002695,11.26672412001638,1.0,0.020774558108591582,2.1253302801955147,0.9504579005887495,0.33772652388797364,0.529484894974532,0.50870662730501
['CHARLOTTE BAG SUKI DESIGN'],['CHARLOTTE BAG PINK POLKADOT'],0.04904359430604982,0.04125889679715303,0.022798042704626334,0.46485260770975056,11.266724120016379,1.0,0.020774558108591582,1.7915458750527777,0.9582385172465921,0.33772652388797364,0.44182283360701513,0.50870662730501
['ALARM CLOCK BAKELIKE RED'],['ALARM CLOCK BAKELIKE IVORY'],0.05844083629893238,0.031694839857651244,0.020740658362989325,0.3549000951474786,11.197409317775888,1.0,0.01888838541534745,1.501015816090868,0.9672186977567637,0.2988782051282051,0.33378450161549644,0.5046430300298796
['ALARM CLOCK BAKELIKE IVORY'],['ALARM CLOCK BAKELIKE RED'],0.031694839857651244,0.05844083629893238,0.020740658362989325,0.6543859649122807,11.197409317775888,1.0,0.01888838541534745,2.7243082401502976,0.9405027109862916,0.2988782051282051,0.6329343408127596,0.5046430300298796
['ALARM CLOCK BAKELIKE RED'],['ALARM CLOCK BAKELIKE GREEN'],0.05844083629893238,0.05449288256227758,0.03558718861209965,0.6089438629876309,11.17474125711179,1.0,0.03240257898282064,2.417829636075539,0.967026294808953,0.46010064701653497,0.5864059298970569,0.6310025437387135
['ALARM CLOCK BAKELIKE GREEN'],['ALARM CLOCK BAKELIKE RED'],0.05449288256227758,0.05844083629893238,0.03558718861209965,0.653061224489796,11.17474125711179,1.0,0.03240257898282064,2.7139058247854306,0.962988488002823,0.46010064701653497,0.6315273762017652,0.6310025437387135
['CHARLOTTE BAG SUKI DESIGN'],['WOODLAND CHARLOTTE BAG'],0.04904359430604982,0.04631895017793594,0.025355871886120998,0.5170068027210885,11.161885162228158,1.0,0.023084224084912175,1.9745227369555411,0.9573618659559671,0.3621922160444798,0.49354850096997577,0.5322128851540617
['WOODLAND CHARLOTTE BAG'],['CHARLOTTE BAG SUKI DESIGN'],0.04631895017793594,0.04904359430604982,0.025355871886120998,0.5474189675870349,11.161885162228158,1.0,0.023084224084912175,2.1011848433502935,0.9546267058235058,0.3621922160444798,0.5240780442688128,0.5322128851540617
['DOTCOM POSTAGE'],['JUMBO BAG WOODLAND ANIMALS'],0.03925711743772242,0.04798709964412812,0.020073398576512455,0.5113314447592068,10.655602204576564,1.0,0.01818956337028723,1.9481771236267986,0.943179147324877,0.29884105960264895,0.48669964970209534,0.4648198359369614
['JUMBO BAG WOODLAND ANIMALS'],['DOTCOM POSTAGE'],0.04798709964412812,0.03925711743772242,0.020073398576512455,0.41830822711471605,10.655602204576562,1.0,0.01818956337028723,1.6516356726120427,0.9518281237941255,0.29884105960264895,0.39453959696903884,0.4648198359369614
['WOODLAND CHARLOTTE BAG'],['RED RETROSPOT CHARLOTTE BAG'],0.04631895017793594,0.05738434163701068,0.028080516014234877,0.6062424969987996,10.564597932196136,1.0,0.025422533552956525,2.3938989128547874,0.9493155437635771,0.3713235294117648,0.5822714172974524,0.5477917911350587
['RED RETROSPOT CHARLOTTE BAG'],['WOODLAND CHARLOTTE BAG'],0.05738434163701068,0.04631895017793594,0.028080516014234877,0.4893410852713178,10.564597932196135,1.0,0.025422533552956525,1.8675499875073436,0.9604595853639163,0.3713235294117648,0.46453909845019997,0.5477917911350587
['PAPER CHAIN KIT VINTAGE CHRISTMAS'],"[""PAPER CHAIN KIT 50'S CHRISTMAS""]",0.04559608540925267,0.0645017793594306,0.03069395017793594,0.673170731707317,10.436467619848612,1.0,0.02775292153721457,2.8623453019599507,0.9473789090073932,0.38655462184873945,0.6506361411688296,0.5745164003364172
"[""PAPER CHAIN KIT 50'S CHRISTMAS""]",['PAPER CHAIN KIT VINTAGE CHRISTMAS'],0.0645017793594306,0.04559608540925267,0.03069395017793594,0.4758620689655172,10.436467619848612,1.0,0.02775292153721457,1.8209022054691888,0.9665247024609426,0.38655462184873945,0.4508216877345526,0.5745164003364172
['ALARM CLOCK BAKELIKE RED'],['ALARM CLOCK BAKELIKE PINK'],0.05844083629893238,0.043538701067615655,0.026134341637010675,0.44719314938154137,10.271164238157906,1.0,0.023589903535249996,1.73019074901538,0.9586652526666424,0.344574780058651,0.4220290447344713,0.523724288611588
['ALARM CLOCK BAKELIKE PINK'],['ALARM CLOCK BAKELIKE RED'],0.043538701067615655,0.05844083629893238,0.026134341637010675,0.6002554278416348,10.271164238157906,1.0,0.023589903535249996,2.3554019973735976,0.9437287787572964,0.344574780058651,0.5754440213963243,0.523724288611588
['CHARLOTTE BAG SUKI DESIGN'],['RED RETROSPOT CHARLOTTE BAG'],0.04904359430604982,0.05738434163701068,0.028191725978647688,0.5748299319727892,10.017191372673102,1.0,0.025377391607882372,2.217032028469751,0.9465960934705031,0.3603411513859276,0.5489465252830723,0.5330545008701155
['RED RETROSPOT CHARLOTTE BAG'],['CHARLOTTE BAG SUKI DESIGN'],0.05738434163701068,0.04904359430604982,0.028191725978647688,0.49127906976744184,10.0171913726731,1.0,0.025377391607882372,1.8693085917641077,0.9549720617350486,0.3603411513859276,0.4650428482456832,0.5330545008701155
['ALARM CLOCK BAKELIKE PINK'],['ALARM CLOCK BAKELIKE GREEN'],0.043538701067615655,0.05449288256227758,0.02324288256227758,0.5338441890166029,9.796585607423047,1.0,0.020870333238085893,2.02830704918832,0.938797649741628,0.3107806691449815,0.5069779990163836,0.4801874006307505
['ALARM CLOCK BAKELIKE GREEN'],['ALARM CLOCK BAKELIKE PINK'],0.05449288256227758,0.043538701067615655,0.02324288256227758,0.426530612244898,9.796585607423047,1.0,0.020870333238085893,1.6678506636187485,0.9496740986359528,0.3107806691449815,0.4004259363183679,0.4801874006307505
['LUNCH BAG VINTAGE LEAF DESIGN'],['LUNCH BAG APPLE DESIGN'],0.037144128113879,0.0576067615658363,0.020073398576512455,0.5404191616766467,9.381175872193836,1.0,0.017933645644685352,2.0505494569186364,0.9278684181731275,0.268801191362621,0.5123258321685635,0.44443738006612254
['LUNCH BAG APPLE DESIGN'],['LUNCH BAG VINTAGE LEAF DESIGN'],0.0576067615658363,0.037144128113879,0.020073398576512455,0.3484555984555984,9.381175872193836,1.0,0.017933645644685352,1.4778054567022536,0.9480156672814417,0.268801191362621,0.3233209449425665,0.44443738006612254
['WOODEN FRAME ANTIQUE WHITE'],['WOODEN PICTURE FRAME WHITE FINISH'],0.05399243772241993,0.06116548042704626,0.029971085409252668,0.5550978372811535,9.075345005149332,1.0,0.026668612016533477,2.110204440984579,0.940596446654839,0.3518276762402089,0.52611226638618,0.5225489186405767
['WOODEN PICTURE FRAME WHITE FINISH'],['WOODEN FRAME ANTIQUE WHITE'],0.06116548042704626,0.05399243772241993,0.029971085409252668,0.49,9.07534500514933,1.0,0.026668612016533477,1.8549167887795688,0.947782951133545,0.3518276762402089,0.4608922588608711,0.5225489186405767
['LUNCH BAG DOLLY GIRL DESIGN'],['LUNCH BAG SPACEBOY DESIGN'],0.03792259786476868,0.06433496441281139,0.02157473309608541,0.5689149560117303,8.843013456279133,1.0,0.01913498411201416,2.1704882798315057,0.9218763220270109,0.26740179186767743,0.5392741765564246,0.452132499613471
['LUNCH BAG SPACEBOY DESIGN'],['LUNCH BAG DOLLY GIRL DESIGN'],0.06433496441281139,0.03792259786476868,0.02157473309608541,0.3353500432152117,8.843013456279131,1.0,0.01913498411201416,1.4474948690123048,0.9478994546687668,0.26740179186767743,0.30915126443083846,0.452132499613471
['LUNCH BAG APPLE DESIGN'],['LUNCH BAG ALPHABET DESIGN'],0.0576067615658363,0.04114768683274021,0.020740658362989325,0.36003861003861004,8.749911301262653,1.0,0.018370273378629957,1.4982971288707108,0.9398551380314236,0.26585887384176765,0.332575641552677,0.4320463320463321
['LUNCH BAG ALPHABET DESIGN'],['LUNCH BAG APPLE DESIGN'],0.04114768683274021,0.0576067615658363,0.020740658362989325,0.5040540540540541,8.749911301262653,1.0,0.018370273378629957,1.9001934507936817,0.9237221572347811,0.26585887384176765,0.4737377925482717,0.4320463320463321
['JUMBO STORAGE BAG SUKI'],['DOTCOM POSTAGE'],0.06583629893238434,0.03925711743772242,0.02196396797153025,0.3336148648648649,8.498200750325397,1.0,0.019379424652676638,1.4417231596371822,0.9445111512959614,0.26421404682274247,0.3063855613919279,0.4465524749253503
['DOTCOM POSTAGE'],['JUMBO STORAGE BAG SUKI'],0.03925711743772242,0.06583629893238434,0.02196396797153025,0.5594900849858356,8.498200750325395,1.0,0.019379424652676638,2.1206417136776095,0.9183810245266901,0.26421404682274247,0.5284446243086469,0.4465524749253503
['HEART OF WICKER LARGE'],['HEART OF WICKER SMALL'],0.05143460854092527,0.06678158362989324,0.027413256227758007,0.532972972972973,7.980837590296375,1.0,0.023978371616011386,1.9982107294961775,0.9221292241090966,0.3018983466013472,0.4995522818295863,0.47173211512928415
['HEART OF WICKER SMALL'],['HEART OF WICKER LARGE'],0.06678158362989324,0.05143460854092527,0.027413256227758007,0.4104912572855953,7.980837590296374,1.0,0.023978371616011386,1.6090777332519048,0.9372938350757957,0.3018983466013472,0.37852598458433356,0.47173211512928415
['JUMBO BAG ALPHABET'],['JUMBO BAG APPLES'],0.05037811387900356,0.05438167259786477,0.021741548042704627,0.43156732891832233,7.93589656775778,1.0,0.01900190194763871,1.6635537953909412,0.9203560974484756,0.2618888144675151,0.39887726939122126,0.4156814149704086
['JUMBO BAG APPLES'],['JUMBO BAG ALPHABET'],0.05438167259786477,0.05037811387900356,0.021741548042704627,0.3997955010224949,7.935896567757779,1.0,0.01900190194763871,1.5821638920380487,0.9242527009423183,0.2618888144675151,0.36795422709852144,0.4156814149704086
['JUMBO STORAGE BAG SKULLS'],['JUMBO STORAGE BAG SUKI'],0.039201512455516015,0.06583629893238434,0.020407028469750888,0.5205673758865248,7.906996358060188,1.0,0.01782614597712795,1.94847754216766,0.9091705875980247,0.24113009198423124,0.48677879094900367,0.4152667960513705
['JUMBO STORAGE BAG SUKI'],['JUMBO STORAGE BAG SKULLS'],0.06583629893238434,0.039201512455516015,0.020407028469750888,0.30996621621621623,7.906996358060188,1.0,0.01782614597712795,1.3923934017780526,0.9350927728039445,0.24113009198423124,0.2818121669328337,0.4152667960513705
['JUMBO STORAGE BAG SUKI'],['JUMBO BAG WOODLAND ANIMALS'],0.06583629893238434,0.04798709964412812,0.024966637010676158,0.379222972972973,7.902602486611757,1.0,0.021807343973607226,1.5335826857433368,0.9350174992045815,0.2809762202753442,0.3479321269754072,0.4497505363126742
['JUMBO BAG WOODLAND ANIMALS'],['JUMBO STORAGE BAG SUKI'],0.04798709964412812,0.06583629893238434,0.024966637010676158,0.5202780996523754,7.902602486611756,1.0,0.021807343973607226,1.947302594254474,0.9174869450754611,0.2809762202753442,0.4864691276278761,0.4497505363126742
['JUMBO SHOPPER VINTAGE RED PAISLEY'],['DOTCOM POSTAGE'],0.0653358540925267,0.03925711743772242,0.020184608540925266,0.3089361702127659,7.869558194201675,1.0,0.01761971124392105,1.3902375455796505,0.9339483783693866,0.23913043478260868,0.2806984653956698,0.4115502380808872
['DOTCOM POSTAGE'],['JUMBO SHOPPER VINTAGE RED PAISLEY'],0.03925711743772242,0.0653358540925267,0.020184608540925266,0.5141643059490084,7.869558194201674,1.0,0.01761971124392105,1.9238276589232537,0.9085969609914931,0.23913043478260868,0.4802029197564976,0.4115502380808872
['PACK OF 72 SKULL CAKE CASES'],['PACK OF 72 RETROSPOT CAKE CASES'],0.03686610320284697,0.07339857651245552,0.020740658362989325,0.5625942684766215,7.664920700214819,1.0,0.01803473886633908,2.1184025647318694,0.9028189216300998,0.2316770186335404,0.5279461908475493,0.42258501302618956
['PACK OF 72 RETROSPOT CAKE CASES'],['PACK OF 72 SKULL CAKE CASES'],0.07339857651245552,0.03686610320284697,0.020740658362989325,0.2825757575757576,7.664920700214819,1.0,0.01803473886633908,1.3424886417869504,0.9384137386914883,0.2316770186335404,0.255114740733354,0.42258501302618956
['JUMBO BAG VINTAGE LEAF'],['JUMBO BAG APPLES'],0.048876779359430605,0.05438167259786477,0.020240213523131673,0.41410693970420936,7.614825361595604,1.0,0.017582212510369045,1.6139776889057806,0.9133172293943999,0.2438044206296048,0.38041274865579805,0.39314753938175706
['JUMBO BAG APPLES'],['JUMBO BAG VINTAGE LEAF'],0.05438167259786477,0.048876779359430605,0.020240213523131673,0.3721881390593047,7.614825361595604,1.0,0.017582212510369045,1.5149812862971936,0.9186340826056221,0.2438044206296048,0.3399258399791018,0.39314753938175706
['PACK OF 72 RETROSPOT CAKE CASES'],['60 TEATIME FAIRY CAKE CASES'],0.07339857651245552,0.04604092526690391,0.02518905693950178,0.3431818181818182,7.453842775581907,1.0,0.021809718563594687,1.452394439040008,0.934426594347811,0.26725663716814163,0.3114818033447085,0.4451416337285903
['60 TEATIME FAIRY CAKE CASES'],['PACK OF 72 RETROSPOT CAKE CASES'],0.04604092526690391,0.07339857651245552,0.02518905693950178,0.5471014492753623,7.453842775581906,1.0,0.021809718563594687,2.045935943060498,0.9076290958388856,0.26725663716814163,0.5112261440091284,0.4451416337285903
['JUMBO SHOPPER VINTAGE RED PAISLEY'],['JUMBO BAG PINK VINTAGE PAISLEY'],0.0653358540925267,0.048098309608540925,0.023187277580071174,0.3548936170212766,7.378504980937154,1.0,0.02004473344139037,1.4755732008047024,0.9249003438691132,0.25693160813308685,0.32229726085113836,0.41848727093838395
['JUMBO BAG PINK VINTAGE PAISLEY'],['JUMBO SHOPPER VINTAGE RED PAISLEY'],0.048098309608540925,0.0653358540925267,0.023187277580071174,0.4820809248554913,7.378504980937153,1.0,0.02004473344139037,1.804652871004385,0.9081517541968528,0.25693160813308685,0.44587681317158406,0.41848727093838395
['JUMBO BAG WOODLAND ANIMALS'],['JUMBO BAG PINK POLKADOT'],0.04798709964412812,0.06772686832740213,0.023854537366548044,0.49710312862108924,7.339821564139302,1.0,0.020604521387536254,1.8538057894779998,0.9072953796976927,0.2596852300242131,0.46056916766799894,0.42465993869478114
['JUMBO BAG PINK POLKADOT'],['JUMBO BAG WOODLAND ANIMALS'],0.06772686832740213,0.04798709964412812,0.023854537366548044,0.352216748768473,7.339821564139302,1.0,0.020604521387536254,1.4696472910436655,0.9265062743531073,0.2596852300242131,0.3195646288097785,0.42465993869478114
['LUNCH BAG SPACEBOY DESIGN'],['LUNCH BAG WOODLAND'],0.06433496441281139,0.05655026690391459,0.026634786476868327,0.4140017286084702,7.320950921627068,1.0,0.022996627068069996,1.609987228897007,0.9227722420957569,0.28259587020648963,0.3788770606055713,0.4424974228096431
['LUNCH BAG WOODLAND'],['LUNCH BAG SPACEBOY DESIGN'],0.05655026690391459,0.06433496441281139,0.026634786476868327,0.4709931170108161,7.320950921627067,1.0,0.022996627068069996,1.7687199650412098,0.9151581610034364,0.28259587020648963,0.43461937459573996,0.4424974228096431
['LUNCH BAG CARS BLUE'],['LUNCH BAG PINK POLKADOT'],0.06394572953736655,0.06060943060498221,0.02791370106761566,0.4365217391304348,7.202208216992421,1.0,0.02403798681073568,1.6671283253152323,0.919982656992323,0.28883774453394706,0.4001661510904309,0.44853609892301555
['LUNCH BAG PINK POLKADOT'],['LUNCH BAG CARS BLUE'],0.06060943060498221,0.06394572953736655,0.02791370106761566,0.4605504587155963,7.202208216992421,1.0,0.02403798681073568,1.7352026442249497,0.916715286362541,0.28883774453394706,0.42369843468820745,0.44853609892301555
['LUNCH BAG SUKI DESIGN'],['LUNCH BAG APPLE DESIGN'],0.06027580071174377,0.0576067615658363,0.024966637010676158,0.41420664206642066,7.190243485446437,1.0,0.021494343330884867,1.6087468826183204,0.9161439622566914,0.26870137642130465,0.3783981738802519,0.42380216273205207
['LUNCH BAG APPLE DESIGN'],['LUNCH BAG SUKI DESIGN'],0.0576067615658363,0.06027580071174377,0.024966637010676158,0.4333976833976834,7.190243485446437,1.0,0.021494343330884867,1.6585251626279955,0.9135492661162429,0.26870137642130465,0.3970546709008248,0.42380216273205207
['LUNCH BAG PINK POLKADOT'],['LUNCH BAG  BLACK SKULL.'],0.06060943060498221,0.07078514234875445,0.030249110320284697,0.4990825688073394,7.050668434745634,1.0,0.025958863147234078,1.8550259978751973,0.913538525686112,0.29906542056074764,0.4609239972132842,0.46320978401089674
['LUNCH BAG  BLACK SKULL.'],['LUNCH BAG PINK POLKADOT'],0.07078514234875445,0.06060943060498221,0.030249110320284697,0.427336999214454,7.050668434745633,1.0,0.025958863147234078,1.640389842029983,0.923542567945735,0.29906542056074764,0.3903888122334995,0.46320978401089674
['JUMBO BAG WOODLAND ANIMALS'],['JUMBO SHOPPER VINTAGE RED PAISLEY'],0.04798709964412812,0.0653358540925267,0.02168594306049822,0.4519119351100811,6.916752545548679,1.0,0.018550664919825925,1.7053174586007387,0.8985419016083112,0.23665048543689318,0.4135989196870545,0.3919134143635512
['JUMBO SHOPPER VINTAGE RED PAISLEY'],['JUMBO BAG WOODLAND ANIMALS'],0.0653358540925267,0.04798709964412812,0.02168594306049822,0.33191489361702126,6.916752545548679,1.0,0.018550664919825925,1.424987462316114,0.9152201735639179,0.23665048543689318,0.2982394396827586,0.3919134143635512
['JUMBO  BAG BAROQUE BLACK WHITE'],['JUMBO SHOPPER VINTAGE RED PAISLEY'],0.051879448398576514,0.0653358540925267,0.023409697508896796,0.45123258306538044,6.906354701147065,1.0,0.020020109437926634,1.703206344007173,0.9020011364537099,0.24955542382928272,0.41287207887725635,0.40476522770290296
['JUMBO SHOPPER VINTAGE RED PAISLEY'],['JUMBO  BAG BAROQUE BLACK WHITE'],0.0653358540925267,0.051879448398576514,0.023409697508896796,0.3582978723404255,6.906354701147065,1.0,0.020020109437926634,1.4775088171507595,0.9149872911935397,0.24955542382928272,0.3231850880400101,0.40476522770290296
['LUNCH BAG WOODLAND'],['LUNCH BAG CARS BLUE'],0.05655026690391459,0.06394572953736655,0.02491103202846975,0.44051130776794495,6.888830746868454,1.0,0.021294883955766137,1.6730530633752168,0.9060763435745017,0.2606166375799884,0.402290326654314,0.4150382625796246
['LUNCH BAG CARS BLUE'],['LUNCH BAG WOODLAND'],0.06394572953736655,0.05655026690391459,0.02491103202846975,0.38956521739130434,6.888830746868454,1.0,0.021294883955766137,1.5455373120519917,0.9132349602844583,0.2606166375799884,0.35297582775771896,0.4150382625796246
['JUMBO  BAG BAROQUE BLACK WHITE'],['JUMBO STORAGE BAG SUKI'],0.051879448398576514,0.06583629893238434,0.023465302491103204,0.45230439442658094,6.870137018046987,1.0,0.020049751617887312,1.7056257007751185,0.9011960494318549,0.2489675516224189,0.41370489460521614,0.4043616566727499
['JUMBO STORAGE BAG SUKI'],['JUMBO  BAG BAROQUE BLACK WHITE'],0.06583629893238434,0.051879448398576514,0.023465302491103204,0.35641891891891897,6.870137018046987,1.0,0.020049751617887312,1.4731951877901384,0.9146603475513427,0.2489675516224189,0.32120332167250243,0.4043616566727499
['LUNCH BAG CARS BLUE'],['LUNCH BAG SUKI DESIGN'],0.06394572953736655,0.06027580071174377,0.026189946619217083,0.40956521739130436,6.79485320070592,1.0,0.02233556656925571,1.5915800135220834,0.9110901075495024,0.26715825297787865,0.37169354257782355,0.4220335312048773
['LUNCH BAG SUKI DESIGN'],['LUNCH BAG CARS BLUE'],0.06027580071174377,0.06394572953736655,0.026189946619217083,0.4345018450184502,6.79485320070592,1.0,0.02233556656925571,1.6552737833303337,0.9075320041709067,0.26715825297787865,0.395870332708317,0.4220335312048773
['JUMBO STORAGE BAG SUKI'],['JUMBO SHOPPER VINTAGE RED PAISLEY'],0.06583629893238434,0.0653358540925267,0.029137010676156583,0.4425675675675676,6.773732029902243,1.0,0.024835539855118348,1.6767308314461338,0.9124427480916029,0.285558583106267,0.4036013525572691,0.4442625071880391
['JUMBO SHOPPER VINTAGE RED PAISLEY'],['JUMBO STORAGE BAG SUKI'],0.0653358540925267,0.06583629893238434,0.029137010676156583,0.4459574468085106,6.773732029902243,1.0,0.024835539855118348,1.6860865572264951,0.9119542011981041,0.285558583106267,0.4069106382978723,0.4442625071880391
['PACK OF 60 PINK PAISLEY CAKE CASES'],['PACK OF 72 RETROSPOT CAKE CASES'],0.04832072953736655,0.07339857651245552,0.023910142348754448,0.4948216340621404,6.741569899222374,1.0,0.02036346958466838,1.8342064624388978,0.8949092663174557,0.24445707788516202,0.4548051048351856,0.4102896049098581
['PACK OF 72 RETROSPOT CAKE CASES'],['PACK OF 60 PINK PAISLEY CAKE CASES'],0.07339857651245552,0.04832072953736655,0.023910142348754448,0.32575757575757575,6.741569899222373,1.0,0.02036346958466838,1.411479367427726,0.9191293862832006,0.24445707788516202,0.29152347311856514,0.4102896049098581
['LUNCH BAG  BLACK SKULL.'],['LUNCH BAG SUKI DESIGN'],0.07078514234875445,0.06027580071174377,0.028636565836298932,0.40455616653574233,6.7117510138180725,1.0,0.024369934702732993,1.5781911684616756,0.9158351019298374,0.2795874049945711,0.36636320112300536,0.43982420872912575
['LUNCH BAG SUKI DESIGN'],['LUNCH BAG  BLACK SKULL.'],0.06027580071174377,0.07078514234875445,0.028636565836298932,0.47509225092250923,6.711751013818072,1.0,0.024369934702732993,1.770244122484974,0.9055929223875452,0.2795874049945711,0.43510616004969216,0.43982420872912575
['JUMBO BAG PINK POLKADOT'],['JUMBO  BAG BAROQUE BLACK WHITE'],0.06772686832740213,0.051879448398576514,0.023020462633451956,0.33990147783251234,6.551755817084568,1.0,0.01950683006286331,1.4363318804111118,0.9089280064727269,0.2383419689119171,0.30378207596855916,0.39181569068474487
['JUMBO  BAG BAROQUE BLACK WHITE'],['JUMBO BAG PINK POLKADOT'],0.051879448398576514,0.06772686832740213,0.023020462633451956,0.44372990353697744,6.551755817084567,1.0,0.01950683006286331,1.6759360921975603,0.8937356727770652,0.2383419689119171,0.40331853663420036,0.39181569068474487
['LUNCH BAG SPACEBOY DESIGN'],['LUNCH BAG CARS BLUE'],0.06433496441281139,0.06394572953736655,0.02685720640569395,0.41745894554883317,6.528331892826275,1.0,0.022743260171556208,1.6068468708090011,0.9050477265845424,0.26480263157894735,0.377663162453975,0.4187294727744166
['LUNCH BAG CARS BLUE'],['LUNCH BAG SPACEBOY DESIGN'],0.06394572953736655,0.06433496441281139,0.02685720640569395,0.42,6.528331892826274,1.0,0.022743260171556208,1.6132155785986009,0.9046713850087974,0.26480263157894735,0.3801200451655078,0.4187294727744166
['LUNCH BAG SPACEBOY DESIGN'],['LUNCH BAG SUKI DESIGN'],0.06433496441281139,0.06027580071174377,0.02530026690391459,0.3932584269662921,6.524316928562543,1.0,0.021422425410170844,1.5488046988269408,0.9049469814668603,0.2547592385218365,0.35434080180839034,0.40650006219163315
['LUNCH BAG SUKI DESIGN'],['LUNCH BAG SPACEBOY DESIGN'],0.06027580071174377,0.06433496441281139,0.02530026690391459,0.41974169741697415,6.524316928562543,1.0,0.021422425410170844,1.6124974540167127,0.9010380388841926,0.2547592385218365,0.379843982073267,0.40650006219163315
['LUNCH BAG APPLE DESIGN'],['JUMBO BAG APPLES'],0.0576067615658363,0.05438167259786477,0.020295818505338077,0.3523166023166023,6.4785907730693,1.0,0.017163066458441508,1.4600008750948017,0.8973381915997685,0.2213462704669496,0.3150689036846863,0.36276361813171626
['JUMBO BAG APPLES'],['LUNCH BAG APPLE DESIGN'],0.05438167259786477,0.0576067615658363,0.020295818505338077,0.37321063394683024,6.4785907730693,1.0,0.017163066458441508,1.5035246120532006,0.8942777649790002,0.2213462704669496,0.33489615535165185,0.36276361813171626
['JUMBO BAG PINK VINTAGE PAISLEY'],['JUMBO BAG PINK POLKADOT'],0.048098309608540925,0.06772686832740213,0.021074288256227758,0.43815028901734104,6.4693717550803465,1.0,0.017816740374599488,1.6592927137794178,0.8881436956668832,0.22241784037558687,0.39733357972610417,0.3746580673329727
['JUMBO BAG PINK POLKADOT'],['JUMBO BAG PINK VINTAGE PAISLEY'],0.06772686832740213,0.048098309608540925,0.021074288256227758,0.3111658456486043,6.4693717550803465,1.0,0.017816740374599488,1.3819025731785426,0.9068431305094462,0.22241784037558687,0.2763599841196623,0.3746580673329727
['JAM MAKING SET PRINTED'],['JAM MAKING SET WITH JARS'],0.06461298932384342,0.06294483985765124,0.026245551601423486,0.40619621342512907,6.453209100916538,1.0,0.022178497335710035,1.5780552117179847,0.9034103847060649,0.25905598243688255,0.36630861038675055,0.4115786720835892
['JAM MAKING SET WITH JARS'],['JAM MAKING SET PRINTED'],0.06294483985765124,0.06461298932384342,0.026245551601423486,0.41696113074204944,6.4532091009165375,1.0,0.022178497335710035,1.6043304486142564,0.9018021298080597,0.25905598243688255,0.3766870155311507,0.4115786720835892
['JUMBO STORAGE BAG SUKI'],['JUMBO BAG PINK VINTAGE PAISLEY'],0.06583629893238434,0.048098309608540925,0.020351423487544484,0.30912162162162166,6.426870801437277,1.0,0.01718480879801421,1.3778136936717453,0.9039136091595108,0.21746880570409982,0.27421246820744455,0.3661215044524293
['JUMBO BAG PINK VINTAGE PAISLEY'],['JUMBO STORAGE BAG SUKI'],0.048098309608540925,0.06583629893238434,0.020351423487544484,0.423121387283237,6.426870801437276,1.0,0.01718480879801421,1.6193418866202156,0.887069842507143,0.21746880570409982,0.38246518029176985,0.3661215044524293
['LUNCH BAG PINK POLKADOT'],['LUNCH BAG WOODLAND'],0.06060943060498221,0.05655026690391459,0.022019572953736653,0.36330275229357795,6.424421531217017,1.0,0.018592093476130618,1.4817870447762722,0.8988209907767146,0.2314436002337814,0.32513919356678883,0.37634164163351463
['LUNCH BAG WOODLAND'],['LUNCH BAG PINK POLKADOT'],0.05655026690391459,0.06060943060498221,0.022019572953736653,0.3893805309734513,6.424421531217017,1.0,0.018592093476130618,1.5384222368353189,0.8949538408782823,0.2314436002337814,0.3499833946387208,0.37634164163351463
['JUMBO STORAGE BAG SUKI'],['JUMBO BAG PINK POLKADOT'],0.06583629893238434,0.06772686832740213,0.028636565836298932,0.43496621621621623,6.422358318910044,1.0,0.02417767948734185,1.6499422838570341,0.9037965788257051,0.2729199788023318,0.39391819351261076,0.4288952591754316
['JUMBO BAG PINK POLKADOT'],['JUMBO STORAGE BAG SUKI'],0.06772686832740213,0.06583629893238434,0.028636565836298932,0.422824302134647,6.422358318910044,1.0,0.02417767948734185,1.618508375391687,0.9056294002309343,0.2729199788023318,0.3821471577136602,0.4288952591754316
['LUNCH BAG  BLACK SKULL.'],['LUNCH BAG CARS BLUE'],0.07078514234875445,0.06394572953736655,0.029025800711743772,0.4100549882168107,6.412546876600977,1.0,0.02449939314384633,1.5866805410105627,0.9083536643104055,0.27459231983166754,0.36975341024659164,0.43198401584753576
['LUNCH BAG CARS BLUE'],['LUNCH BAG  BLACK SKULL.'],0.06394572953736655,0.07078514234875445,0.029025800711743772,0.4539130434782609,6.4125468766009766,1.0,0.02449939314384633,1.7015877170365166,0.90171664989255,0.27459231983166754,0.41231357632176674,0.43198401584753576
['LUNCH BAG PINK POLKADOT'],['LUNCH BAG RED RETROSPOT'],0.06060943060498221,0.08696619217081851,0.03369661921708185,0.5559633027522936,6.392867031136347,1.0,0.028425647827725078,2.056212501102909,0.8980031186497364,0.29589843749999994,0.5136689425515985,0.4717156667214153
['LUNCH BAG RED RETROSPOT'],['LUNCH BAG PINK POLKADOT'],0.08696619217081851,0.06060943060498221,0.03369661921708185,0.38746803069053704,6.392867031136347,1.0,0.028425647827725078,1.5336188418933274,0.9239259857776276,0.29589843749999994,0.34794749993717405,0.4717156667214153
['SET OF 6 SPICE TINS PANTRY DESIGN'],['SET OF 3 CAKE TINS PANTRY DESIGN'],0.04637455516014235,0.07701290035587188,0.022798042704626334,0.49160671462829736,6.383433325541733,1.0,0.019226603709030406,1.8154982101490633,0.884356111782692,0.22664455500276395,0.4491870086074643,0.3938177977473617
['SET OF 3 CAKE TINS PANTRY DESIGN'],['SET OF 6 SPICE TINS PANTRY DESIGN'],0.07701290035587188,0.04637455516014235,0.022798042704626334,0.296028880866426,6.383433325541732,1.0,0.019226603709030406,1.3546371703622593,0.9137121101917688,0.22664455500276395,0.26179495005841424,0.3938177977473617
['LUNCH BAG SUKI DESIGN'],['LUNCH BAG WOODLAND'],0.06027580071174377,0.05655026690391459,0.021630338078291816,0.35885608856088563,6.345789475593872,1.0,0.018221725460195543,1.4715100873038223,0.8964493999178595,0.22721962616822433,0.3204259973288718,0.37067681517523143
['LUNCH BAG WOODLAND'],['LUNCH BAG SUKI DESIGN'],0.05655026690391459,0.06027580071174377,0.021630338078291816,0.38249754178957723,6.345789475593872,1.0,0.018221725460195543,1.5218145074461096,0.8929094629935656,0.22721962616822433,0.3428896918073229,0.37067681517523143
['LUNCH BAG PINK POLKADOT'],['LUNCH BAG SUKI DESIGN'],0.06060943060498221,0.06027580071174377,0.023076067615658363,0.38073394495412843,6.316530688242662,1.0,0.01942278565526019,1.5174805588506657,0.8959907345731928,0.23592950540079588,0.34101297432278377,0.3817876366837063
['LUNCH BAG SUKI DESIGN'],['LUNCH BAG PINK POLKADOT'],0.06027580071174377,0.06060943060498221,0.023076067615658363,0.3828413284132841,6.316530688242661,1.0,0.01942278565526019,1.522121640095963,0.8956726313538176,0.23592950540079588,0.3430222830699954,0.3817876366837063
['LUNCH BAG WOODLAND'],['LUNCH BAG APPLE DESIGN'],0.05655026690391459,0.0576067615658363,0.020518238434163703,0.36283185840707965,6.298424847097413,1.0,0.01726056069214549,1.479033832542507,0.8916533816720262,0.2191211401425178,0.3238829443942011,0.3595047322923429
['LUNCH BAG APPLE DESIGN'],['LUNCH BAG WOODLAND'],0.0576067615658363,0.05655026690391459,0.020518238434163703,0.3561776061776062,6.298424847097413,1.0,0.01726056069214549,1.465388191135749,0.8926529930864567,0.2191211401425178,0.31758696702410977,0.3595047322923429
['LUNCH BAG  BLACK SKULL.'],['LUNCH BAG SPACEBOY DESIGN'],0.07078514234875445,0.06433496441281139,0.028469750889679714,0.4021995286724273,6.251647643599768,1.0,0.02391579127571681,1.5651794879139174,0.9040343701379332,0.2669447340980188,0.361095639367976,0.42236164851944613
['LUNCH BAG SPACEBOY DESIGN'],['LUNCH BAG  BLACK SKULL.'],0.06433496441281139,0.07078514234875445,0.028469750889679714,0.44252376836646495,6.251647643599768,1.0,0.02391579127571681,1.6668241710116138,0.897802243975456,0.2669447340980188,0.40005669620624174,0.42236164851944613
['LUNCH BAG  BLACK SKULL.'],['LUNCH BAG WOODLAND'],0.07078514234875445,0.05655026690391459,0.02468861209964413,0.3487824037706206,6.167652654287946,1.0,0.020685693406990478,1.4487472982283676,0.9016900180654595,0.24052004333694474,0.30974849704784824,0.392680287431033
['LUNCH BAG WOODLAND'],['LUNCH BAG  BLACK SKULL.'],0.05655026690391459,0.07078514234875445,0.02468861209964413,0.4365781710914454,6.167652654287945,1.0,0.020685693406990478,1.6492347473495927,0.8880852178871864,0.24052004333694474,0.39365817897843064,0.392680287431033
['LUNCH BAG SPACEBOY DESIGN'],['LUNCH BAG PINK POLKADOT'],0.06433496441281139,0.06060943060498221,0.023798932384341637,0.36992221261884184,6.1033771300341755,1.0,0.019899626823289343,1.4909120559534095,0.893649169753328,0.23529411764705882,0.32926962659744596,0.38129138153877873
['LUNCH BAG PINK POLKADOT'],['LUNCH BAG SPACEBOY DESIGN'],0.06060943060498221,0.06433496441281139,0.023798932384341637,0.39266055045871556,6.103377130034175,1.0,0.019899626823289343,1.5405965087462772,0.8901050419935629,0.23529411764705882,0.35090077491231597,0.38129138153877873
['LUNCH BAG WOODLAND'],['LUNCH BAG RED RETROSPOT'],0.05655026690391459,0.08696619217081851,0.029248220640569395,0.5172074729596854,5.947224548405998,1.0,0.02433025926169248,1.891151491980199,0.881715591504959,0.2559610705596107,0.47122163177265414,0.42676230425477873
['LUNCH BAG RED RETROSPOT'],['LUNCH BAG WOODLAND'],0.08696619217081851,0.05655026690391459,0.029248220640569395,0.3363171355498721,5.947224548405997,1.0,0.02433025926169248,1.4215369774203057,0.9110882120015005,0.2559610705596107,0.296536062104609,0.42676230425477873
['DOTCOM POSTAGE'],['JUMBO BAG RED RETROSPOT'],0.03925711743772242,0.11615880782918149,0.026968416370106763,0.6869688385269122,5.914048631913829,1.0,0.022408356409730754,2.823492677251574,0.8648631296816284,0.20995670995671,0.6458287255154443,0.45956867010117747
['JUMBO BAG RED RETROSPOT'],['DOTCOM POSTAGE'],0.11615880782918149,0.03925711743772242,0.026968416370106763,0.2321685016754428,5.914048631913829,1.0,0.022408356409730754,1.2512418214916445,0.9401135674513479,0.20995670995671,0.20079397697251786,0.45956867010117747
['LUNCH BAG SUKI DESIGN'],['LUNCH BAG RED RETROSPOT'],0.06027580071174377,0.08696619217081851,0.030916370106761567,0.5129151291512916,5.897868083540171,1.0,0.0256744132388141,1.8744860751644563,0.8837137627176366,0.265774378585086,0.46652044352355826,0.4342069251894565
['LUNCH BAG RED RETROSPOT'],['LUNCH BAG SUKI DESIGN'],0.08696619217081851,0.06027580071174377,0.030916370106761567,0.3554987212276215,5.89786808354017,1.0,0.0256744132388141,1.4580641346099532,0.9095470517617575,0.265774378585086,0.3141591125773695,0.4342069251894565
['LUNCH BAG SPACEBOY DESIGN'],['LUNCH BAG APPLE DESIGN'],0.06433496441281139,0.0576067615658363,0.02185275800711744,0.33967156439066554,5.896383604248773,1.0,0.01814662905184205,1.4271583466862925,0.8875019261271454,0.21833333333333335,0.29930690429559415,0.35950759686714745
['LUNCH BAG APPLE DESIGN'],['LUNCH BAG SPACEBOY DESIGN'],0.0576067615658363,0.06433496441281139,0.02185275800711744,0.37934362934362936,5.896383604248773,1.0,0.01814662905184205,1.5075411770891562,0.8811656190076397,0.21833333333333335,0.336668201706533,0.35950759686714745
['JUMBO BAG PINK POLKADOT'],['JUMBO SHOPPER VINTAGE RED PAISLEY'],0.06772686832740213,0.0653358540925267,0.026023131672597864,0.3842364532019705,5.880943297348287,1.0,0.021598138885414953,1.5178945729537365,0.8902533209762127,0.2431168831168831,0.3411927166627543,0.391267162771198
['JUMBO SHOPPER VINTAGE RED PAISLEY'],['JUMBO BAG PINK POLKADOT'],0.0653358540925267,0.06772686832740213,0.026023131672597864,0.3982978723404255,5.880943297348287,1.0,0.021598138885414953,1.5493931113370616,0.8879759164428093,0.2431168831168831,0.3545860035888234,0.391267162771198
['JUMBO BAG APPLES'],['JUMBO STORAGE BAG SUKI'],0.05438167259786477,0.06583629893238434,0.02090747330960854,0.38445807770961143,5.839606477643287,1.0,0.01732718525601246,1.5176280724985516,0.8764165838840359,0.2105263157894737,0.34107702794819356,0.35101282263858946
['JUMBO STORAGE BAG SUKI'],['JUMBO BAG APPLES'],0.06583629893238434,0.05438167259786477,0.02090747330960854,0.31756756756756754,5.8396064776432866,1.0,0.01732718525601246,1.3856585391635248,0.8871631205673758,0.2105263157894737,0.2783214827199303,0.35101282263858946
['JUMBO BAG RED RETROSPOT'],['JUMBO BAG PINK POLKADOT'],0.11615880782918149,0.06772686832740213,0.0458741103202847,0.3949258018190522,5.8311540393381245,1.0,0.03800703803736971,1.5407583639747287,0.9373939203294346,0.3323932312651088,0.3509689621802359,0.5361328516484424
['JUMBO BAG PINK POLKADOT'],['JUMBO BAG RED RETROSPOT'],0.06772686832740213,0.11615880782918149,0.0458741103202847,0.6773399014778325,5.831154039338124,1.0,0.03800703803736971,2.7392330077965825,0.8886959539327426,0.3323932312651088,0.6349343056418584,0.5361328516484424
['JUMBO BAG RED RETROSPOT'],['JUMBO BAG SCANDINAVIAN BLUE PAISLEY'],0.11615880782918149,0.03681049822064057,0.02491103202846975,0.2144566778362853,5.825965096990566,1.0,0.020635168439561934,1.226144344434541,0.937221105019548,0.1945288753799392,0.18443533623182973,0.44559691897856557
['JUMBO BAG SCANDINAVIAN BLUE PAISLEY'],['JUMBO BAG RED RETROSPOT'],0.03681049822064057,0.11615880782918149,0.02491103202846975,0.6767371601208458,5.825965096990566,1.0,0.020635168439561934,2.7341255570891665,0.8600120923845811,0.1945288753799392,0.6342523490162498,0.44559691897856557
['LUNCH BAG  BLACK SKULL.'],['LUNCH BAG RED RETROSPOT'],0.07078514234875445,0.08696619217081851,0.03564279359430605,0.5035349567949725,5.790008096547816,1.0,0.029486879301965523,1.8390696793774495,0.8903093434490775,0.29189435336976316,0.45624681260662514,0.4566907520547753
['LUNCH BAG RED RETROSPOT'],['LUNCH BAG  BLACK SKULL.'],0.08696619217081851,0.07078514234875445,0.03564279359430605,0.409846547314578,5.790008096547816,1.0,0.029486879301965523,1.5745309180569318,0.9060876637257937,0.29189435336976316,0.36489021045451325,0.4566907520547753
['LUNCH BAG  BLACK SKULL.'],['LUNCH BAG APPLE DESIGN'],0.07078514234875445,0.0576067615658363,0.023076067615658363,0.32600157109190886,5.659085187757615,1.0,0.018998364797969885,1.3982128118026693,0.8860092875841826,0.21911298838437165,0.2848012895041827,0.3632903608355297
['LUNCH BAG APPLE DESIGN'],['LUNCH BAG  BLACK SKULL.'],0.0576067615658363,0.07078514234875445,0.023076067615658363,0.40057915057915056,5.659085187757615,1.0,0.018998364797969885,1.550187749640403,0.8736193772019872,0.21911298838437165,0.35491684782571026,0.3632903608355297
['JUMBO BAG RED RETROSPOT'],['JUMBO BAG STRAWBERRY'],0.11615880782918149,0.04570729537366548,0.029804270462633453,0.25658209669698423,5.613591760338886,1.0,0.02449496552293221,1.283655801651264,0.9298739864690388,0.2256842105263158,0.22097496952561266,0.4543251116088327
['JUMBO BAG STRAWBERRY'],['JUMBO BAG RED RETROSPOT'],0.04570729537366548,0.11615880782918149,0.029804270462633453,0.6520681265206812,5.613591760338886,1.0,0.02449496552293221,2.5402708390364084,0.8612252077220238,0.2256842105263158,0.6063411882571834,0.4543251116088327
['LUNCH BAG SPACEBOY DESIGN'],['LUNCH BAG RED RETROSPOT'],0.06433496441281139,0.08696619217081851,0.03113879003558719,0.48401037165082106,5.56550033489026,1.0,0.025543823157159862,1.7694809307510269,0.8767257553761386,0.2591392873669597,0.43486251667286024,0.42103331881773787
['LUNCH BAG RED RETROSPOT'],['LUNCH BAG SPACEBOY DESIGN'],0.08696619217081851,0.06433496441281139,0.03113879003558719,0.35805626598465473,5.56550033489026,1.0,0.025543823157159862,1.4575499159943852,0.8984570210544631,0.2591392873669597,0.31391715026255607,0.42103331881773787
['LUNCH BAG APPLE DESIGN'],['LUNCH BAG CARS BLUE'],0.0576067615658363,0.06394572953736655,0.020407028469750888,0.3542471042471042,5.5398086285042805,1.0,0.01672332207513836,1.4495548941693397,0.8695821615597382,0.20175920835623967,0.31013305944991815,0.33668876951485643
['LUNCH BAG CARS BLUE'],['LUNCH BAG APPLE DESIGN'],0.06394572953736655,0.0576067615658363,0.020407028469750888,0.31913043478260866,5.53980862850428,1.0,0.01672332207513836,1.3841024574703553,0.8754709798095783,0.20175920835623967,0.2775101332977599,0.33668876951485643
['LUNCH BAG CARS BLUE'],['LUNCH BAG RED RETROSPOT'],0.06394572953736655,0.08696619217081851,0.030805160142348756,0.4817391304347826,5.5393839653063495,1.0,0.02524404353889895,1.7617263070529512,0.8754561959657886,0.2564814814814815,0.4323749404226023,0.41797953964194373
['LUNCH BAG RED RETROSPOT'],['LUNCH BAG CARS BLUE'],0.08696619217081851,0.06394572953736655,0.030805160142348756,0.35421994884910485,5.5393839653063495,1.0,0.02524404353889895,1.449493939607484,0.8975292084584705,0.2564814814814815,0.31010404895463356,0.41797953964194373
['JUMBO BAG PINK POLKADOT'],['JUMBO BAG APPLES'],0.06772686832740213,0.05438167259786477,0.020295818505338077,0.2996715927750411,5.510525485139405,1.0,0.016612718125878598,1.3502498508508802,0.877992806707639,0.19934462042599668,0.2593963262652204,0.33644111336093563
['JUMBO BAG APPLES'],['JUMBO BAG PINK POLKADOT'],0.05438167259786477,0.06772686832740213,0.020295818505338077,0.37321063394683024,5.510525485139405,1.0,0.016612718125878598,1.487378666844699,0.8656019873727082,0.19934462042599668,0.32767625199211475,0.33644111336093563
['LUNCH BAG APPLE DESIGN'],['LUNCH BAG RED RETROSPOT'],0.0576067615658363,0.08696619217081851,0.027079626334519574,0.4700772200772201,5.405286909123226,1.0,0.022069785637846534,1.7229563295282915,0.8648151441854515,0.2304779933743493,0.41960223665461177,0.390729147123009
['LUNCH BAG RED RETROSPOT'],['LUNCH BAG APPLE DESIGN'],0.08696619217081851,0.0576067615658363,0.027079626334519574,0.31138107416879796,5.405286909123226,1.0,0.022069785637846534,1.3685264855255634,0.8926240599059093,0.2304779933743493,0.26928706855390977,0.390729147123009
['JUMBO  BAG BAROQUE BLACK WHITE'],['JUMBO BAG RED RETROSPOT'],0.051879448398576514,0.11615880782918149,0.03252891459074733,0.6270096463022508,5.397865715222441,1.0,0.026502659713933147,2.3696087134924526,0.8593227857904417,0.24004924086992205,0.5779893978672336,0.45352397106878933
['JUMBO BAG RED RETROSPOT'],['JUMBO  BAG BAROQUE BLACK WHITE'],0.11615880782918149,0.051879448398576514,0.03252891459074733,0.2800382958353279,5.397865715222441,1.0,0.026502659713933147,1.3169041438134133,0.921818988393383,0.24004924086992205,0.24064328850522182,0.45352397106878933
['JUMBO BAG RED RETROSPOT'],['JUMBO BAG SPACEBOY DESIGN'],0.11615880782918149,0.038145017793594305,0.023854537366548044,0.20536141694590715,5.383702219176668,1.0,0.019423657575021215,1.2104307577284228,0.9212675549259381,0.18286445012787728,0.17384782763066217,0.4153629242163938
['JUMBO BAG SPACEBOY DESIGN'],['JUMBO BAG RED RETROSPOT'],0.038145017793594305,0.11615880782918149,0.023854537366548044,0.6253644314868805,5.3837022191766675,1.0,0.019423657575021215,2.3592025596466204,0.8465457154322918,0.18286445012787728,0.5761279607335676,0.4153629242163938
['JUMBO BAG WOODLAND ANIMALS'],['JUMBO BAG RED RETROSPOT'],0.04798709964412812,0.11615880782918149,0.029748665480427046,0.6199304750869061,5.3369218113752614,1.0,0.024174541194584984,2.3254724050104154,0.8535872489760893,0.2213487794786926,0.5699798467419264,0.43801693692114574
['JUMBO BAG RED RETROSPOT'],['JUMBO BAG WOODLAND ANIMALS'],0.11615880782918149,0.04798709964412812,0.029748665480427046,0.25610339875538535,5.336921811375261,1.0,0.024174541194584984,1.2797650893458279,0.919425435024827,0.2213487794786926,0.2186065955970358,0.43801693692114574
['RED HANGING HEART T-LIGHT HOLDER'],['WHITE HANGING HEART T-LIGHT HOLDER'],0.04120329181494662,0.12544483985765126,0.02752446619217082,0.6680161943319838,5.325178740632268,1.0,0.022355725848836765,2.63433078725805,0.8471168801041792,0.19784172661870505,0.6203969505891656,0.4437155439745025
['WHITE HANGING HEART T-LIGHT HOLDER'],['RED HANGING HEART T-LIGHT HOLDER'],0.12544483985765126,0.04120329181494662,0.02752446619217082,0.21941489361702127,5.325178740632268,1.0,0.022355725848836765,1.2283051525641568,0.9287154351243874,0.19784172661870505,0.18587006012924148,0.4437155439745025
['JUMBO STORAGE BAG SUKI'],['JUMBO BAG RED RETROSPOT'],0.06583629893238434,0.11615880782918149,0.040258007117437725,0.6114864864864865,5.264228325980361,1.0,0.03261054112156635,2.2749303728918457,0.8671270718232044,0.2840329540996469,0.56042610713891,0.4790318981020274
['JUMBO BAG RED RETROSPOT'],['JUMBO STORAGE BAG SUKI'],0.11615880782918149,0.06583629893238434,0.040258007117437725,0.3465773097175682,5.264228325980361,1.0,0.03261054112156635,1.4296468655899262,0.9164979431663942,0.2840329540996469,0.3005265677357587,0.4790318981020274
['JUMBO BAG PINK VINTAGE PAISLEY'],['JUMBO BAG RED RETROSPOT'],0.048098309608540925,0.11615880782918149,0.02880338078291815,0.5988439306358382,5.155389779107187,1.0,0.02321633848019117,2.20323524849498,0.8467557666401057,0.21264367816091956,0.5461220036838574,0.42340473219202157
['JUMBO BAG RED RETROSPOT'],['JUMBO BAG PINK VINTAGE PAISLEY'],0.11615880782918149,0.048098309608540925,0.02880338078291815,0.2479655337482049,5.155389779107187,1.0,0.02321633848019117,1.2657687022455495,0.9119604887770978,0.21264367816091956,0.20996624562928423,0.42340473219202157
['JUMBO BAG OWLS'],['JUMBO BAG RED RETROSPOT'],0.03653247330960854,0.11615880782918149,0.021741548042704627,0.5951293759512938,5.1234115352360305,1.0,0.017497979496009106,2.1830212904369466,0.8353343841796217,0.16602972399150742,0.5419192637375319,0.3911501355582223
['JUMBO BAG RED RETROSPOT'],['JUMBO BAG OWLS'],0.11615880782918149,0.03653247330960854,0.021741548042704627,0.1871708951651508,5.1234115352360305,1.0,0.017497979496009106,1.1853260678776372,0.9105906810116581,0.16602972399150742,0.1563502844491298,0.3911501355582223
['JUMBO BAG RED RETROSPOT'],['JUMBO STORAGE BAG SKULLS'],0.11615880782918149,0.039201512455516015,0.023020462633451956,0.19818094782192436,5.055441369687217,1.0,0.018466861681518405,1.1982734570032398,0.9076215745540253,0.17394957983193274,0.16546595090164293,0.3927074951875579
['JUMBO STORAGE BAG SKULLS'],['JUMBO BAG RED RETROSPOT'],0.039201512455516015,0.11615880782918149,0.023020462633451956,0.5872340425531914,5.055441369687217,1.0,0.018466861681518405,2.141264743918993,0.8349236024964541,0.17394957983193274,0.5329862863338531,0.3927074951875579
['JUMBO SHOPPER VINTAGE RED PAISLEY'],['JUMBO BAG RED RETROSPOT'],0.0653358540925267,0.11615880782918149,0.037811387900355875,0.5787234042553192,4.982174103459866,1.0,0.030222052980466624,2.0980068703044683,0.8551568137517367,0.26315789473684215,0.5233571375984688,0.452119002271269
['JUMBO BAG RED RETROSPOT'],['JUMBO SHOPPER VINTAGE RED PAISLEY'],0.11615880782918149,0.0653358540925267,0.037811387900355875,0.3255146002872188,4.982174103459866,1.0,0.030222052980466624,1.3857440743794973,0.9043303480561774,0.26315789473684215,0.2783660284112882,0.452119002271269
['JUMBO BAG APPLES'],['JUMBO BAG RED RETROSPOT'],0.05438167259786477,0.11615880782918149,0.03036032028469751,0.558282208588957,4.80619781678497,1.0,0.02404341002797267,2.000918254497825,0.8374788213080581,0.2165807219357398,0.5002294582739103,0.40982564235096486
['JUMBO BAG RED RETROSPOT'],['JUMBO BAG APPLES'],0.11615880782918149,0.05438167259786477,0.03036032028469751,0.2613690761129727,4.80619781678497,1.0,0.02404341002797267,1.2802311639293977,0.8960154032818394,0.2165807219357398,0.2188910657894685,0.40982564235096486
['JUMBO BAG RED RETROSPOT'],['RECYCLING BAG RETROSPOT'],0.11615880782918149,0.04159252669039146,0.023076067615658363,0.19865964576352324,4.776330306699468,1.0,0.018244729300699078,1.1960055028337946,0.8945433321837207,0.171345995045417,0.1638834456608959,0.3767362399940611
['RECYCLING BAG RETROSPOT'],['JUMBO BAG RED RETROSPOT'],0.04159252669039146,0.11615880782918149,0.023076067615658363,0.5548128342245989,4.776330306699467,1.0,0.018244729300699078,1.9853249601915082,0.824945826471353,0.171345995045417,0.496304121465567,0.3767362399940611
['PINK REGENCY TEACUP AND SAUCER'],['REGENCY CAKESTAND 3 TIER'],0.04253781138790035,0.11054270462633452,0.02179715302491103,0.5124183006535948,4.635478228850226,1.0,0.017094908305207636,1.8242220669191802,0.8191159267586471,0.1660313426514189,0.4518211252159446,0.35480069962257205
['REGENCY CAKESTAND 3 TIER'],['PINK REGENCY TEACUP AND SAUCER'],0.11054270462633452,0.04253781138790035,0.02179715302491103,0.19718309859154928,4.635478228850226,1.0,0.017094908305207636,1.1926283402010363,0.881742757117851,0.1660313426514189,0.16151581654395855,0.35480069962257205
['SET OF 3 CAKE TINS PANTRY DESIGN'],['RECIPE BOX PANTRY YELLOW DESIGN'],0.07701290035587188,0.06177713523131673,0.021908362989323842,0.28447653429602887,4.604883881889994,1.0,0.017150726629483224,1.3112398261398852,0.8481583961849577,0.1874405328258801,0.23736300555797923,0.31955599892119174
['RECIPE BOX PANTRY YELLOW DESIGN'],['SET OF 3 CAKE TINS PANTRY DESIGN'],0.06177713523131673,0.07701290035587188,0.021908362989323842,0.3546354635463546,4.604883881889994,1.0,0.017150726629483224,1.4301794528655876,0.8343851845121859,0.1874405328258801,0.30078704599178513,0.31955599892119174
['GREEN REGENCY TEACUP AND SAUCER'],['REGENCY CAKESTAND 3 TIER'],0.05632784697508897,0.11054270462633452,0.0283029359430605,0.5024679170779862,4.545464296142105,1.0,0.022076303392655868,1.7877385718522285,0.8265587465222947,0.20425361155698232,0.4406340973199865,0.3792520671909046
['REGENCY CAKESTAND 3 TIER'],['GREEN REGENCY TEACUP AND SAUCER'],0.11054270462633452,0.05632784697508897,0.0283029359430605,0.256036217303823,4.545464296142105,1.0,0.022076303392655868,1.2684382962904146,0.8769397653932147,0.20425361155698232,0.21162897483895776,0.3792520671909046
['SPOTTY BUNTING'],['PARTY BUNTING'],0.06338967971530249,0.0936943950177936,0.02685720640569395,0.4236842105263158,4.521980321724191,1.0,0.020917948714396978,1.5725850680056548,0.8315709668997641,0.20623398804440646,0.3641043525434237,0.3551655473996564
['PARTY BUNTING'],['SPOTTY BUNTING'],0.0936943950177936,0.06338967971530249,0.02685720640569395,0.286646884272997,4.521980321724191,1.0,0.020917948714396978,1.3129687102160692,0.8593767327111864,0.20623398804440646,0.23836722671370092,0.3551655473996564
['ROSES REGENCY TEACUP AND SAUCER'],['REGENCY CAKESTAND 3 TIER'],0.05921930604982206,0.11054270462633452,0.02919261565836299,0.49295774647887325,4.459432652251538,1.0,0.022646353401521005,1.7542074436536181,0.8245877415922926,0.20767405063291136,0.4299419925403886,0.3785211267605634
['REGENCY CAKESTAND 3 TIER'],['ROSES REGENCY TEACUP AND SAUCER'],0.11054270462633452,0.05921930604982206,0.02919261565836299,0.26408450704225356,4.459432652251538,1.0,0.022646353401521005,1.2783814214442608,0.8721680420105026,0.20767405063291136,0.21776084725148578,0.3785211267605634
['RED RETROSPOT CHARLOTTE BAG'],['LUNCH BAG RED RETROSPOT'],0.05738434163701068,0.08696619217081851,0.021908362989323842,0.38178294573643407,4.390015662483395,1.0,0.01691786530692367,1.4768822722252593,0.8192208277537293,0.17892824704813803,0.3228979595690639,0.31685055215210445
['LUNCH BAG RED RETROSPOT'],['RED RETROSPOT CHARLOTTE BAG'],0.08696619217081851,0.05738434163701068,0.021908362989323842,0.2519181585677749,4.390015662483394,1.0,0.01691786530692367,1.260043495452748,0.8457631834397819,0.17892824704813803,0.20637660238808775,0.31685055215210445
['JAM MAKING SET WITH JARS'],['SET OF 3 CAKE TINS PANTRY DESIGN'],0.06294483985765124,0.07701290035587188,0.021129893238434165,0.3356890459363958,4.358867727162558,1.0,0.016282328558560558,1.3893901553153631,0.8223449973140781,0.1778193729527375,0.28025976276403053,0.3050286384916636
['SET OF 3 CAKE TINS PANTRY DESIGN'],['JAM MAKING SET WITH JARS'],0.07701290035587188,0.06294483985765124,0.021129893238434165,0.2743682310469314,4.358867727162557,1.0,0.016282328558560558,1.2913645739275155,0.834879082760217,0.1778193729527375,0.22562534222335712,0.3050286384916636
['JUMBO BAG RED RETROSPOT'],['JUMBO BAG VINTAGE LEAF'],0.11615880782918149,0.048876779359430605,0.02363211743772242,0.20344662517951173,4.162439257370124,1.0,0.017954649016801015,1.1940483220661957,0.8596072016727422,0.1671254423908769,0.16251295569882132,0.3434753034885044
['JUMBO BAG VINTAGE LEAF'],['JUMBO BAG RED RETROSPOT'],0.048876779359430605,0.11615880782918149,0.02363211743772242,0.4835039817974971,4.162439257370123,1.0,0.017954649016801015,1.7112255681016506,0.7987989751878536,0.1671254423908769,0.4156235047905749,0.3434753034885044
['JUMBO BAG ALPHABET'],['JUMBO BAG RED RETROSPOT'],0.05037811387900356,0.11615880782918149,0.023020462633451956,0.4569536423841059,3.933869939988397,1.0,0.01716860098458416,1.6275612197291898,0.7853624715924038,0.16040294459511817,0.385583787646163,0.32756729510301513
['JUMBO BAG RED RETROSPOT'],['JUMBO BAG ALPHABET'],0.11615880782918149,0.05037811387900356,0.023020462633451956,0.19818094782192436,3.933869939988397,1.0,0.01716860098458416,1.1843344000637381,0.8438137961531974,0.16040294459511817,0.15564387900395174,0.32756729510301513
['RED RETROSPOT CHARLOTTE BAG'],['JUMBO BAG RED RETROSPOT'],0.05738434163701068,0.11615880782918149,0.02363211743772242,0.41182170542635654,3.545333437236762,1.0,0.0169664207251048,1.502675634794538,0.7616456153013352,0.15764094955489613,0.3345203869385088,0.30763416530293414
['JUMBO BAG RED RETROSPOT'],['RED RETROSPOT CHARLOTTE BAG'],0.11615880782918149,0.05738434163701068,0.02363211743772242,0.20344662517951173,3.545333437236762,1.0,0.0169664207251048,1.1833678547597866,0.812294210165979,0.15764094955489613,0.15495423001582934,0.30763416530293414
['JUMBO BAG RED RETROSPOT'],['LUNCH BAG RED RETROSPOT'],0.11615880782918149,0.08696619217081851,0.032195284697508895,0.2771661081857348,3.187055811772541,1.0,0.022093395493503122,1.2631308771888479,0.7764186498073226,0.18835393623942745,0.20831640009818841,0.32368535588314873
['LUNCH BAG RED RETROSPOT'],['JUMBO BAG RED RETROSPOT'],0.08696619217081851,0.11615880782918149,0.032195284697508895,0.3702046035805626,3.187055811772541,1.0,0.022093395493503122,1.4033782990407715,0.7515940583853467,0.18835393623942745,0.28743375846447555,0.32368535588314873
['WHITE HANGING HEART T-LIGHT HOLDER'],['WOODEN PICTURE FRAME WHITE FINISH'],0.12544483985765126,0.06116548042704626,0.022686832740213523,0.18085106382978722,2.956750483558994,1.0,0.015013938843226403,1.1461096732449045,0.7567171324277423,0.13839891451831748,0.12748315161779752,0.2758800773694391
['WOODEN PICTURE FRAME WHITE FINISH'],['WHITE HANGING HEART T-LIGHT HOLDER'],0.06116548042704626,0.12544483985765126,0.022686832740213523,0.3709090909090909,2.9567504835589937,1.0,0.015013938843226403,1.3901888383765657,0.7049068383572334,0.13839891451831748,0.28067326366410805,0.2758800773694391
['LUNCH BAG PINK POLKADOT'],['JUMBO BAG RED RETROSPOT'],0.06060943060498221,0.11615880782918149,0.020184608540925266,0.3330275229357798,2.8670019016165935,1.0,0.013144289338645025,1.3251539194858213,0.6932192008442856,0.12890625,0.2453706808730459,0.2533974378680814
['JUMBO BAG RED RETROSPOT'],['LUNCH BAG PINK POLKADOT'],0.11615880782918149,0.06060943060498221,0.020184608540925266,0.17376735280038297,2.8670019016165935,1.0,0.013144289338645025,1.1369564886826142,0.736787994908044,0.12890625,0.12045886544110852,0.2533974378680814
['WHITE HANGING HEART T-LIGHT HOLDER'],['NATURAL SLATE HEART CHALKBOARD'],0.12544483985765126,0.0694506227758007,0.023076067615658363,0.18395390070921985,2.6487005207002485,1.0,0.014363845363533898,1.1403147175544779,0.7117405532608564,0.1343042071197411,0.1230491156471234,0.25810985667967
['NATURAL SLATE HEART CHALKBOARD'],['WHITE HANGING HEART T-LIGHT HOLDER'],0.0694506227758007,0.12544483985765126,0.023076067615658363,0.3322658126501201,2.648700520700248,1.0,0.014363845363533898,1.309735485632846,0.6689127828913504,0.1343042071197411,0.2364870533252645,0.25810985667967
['WHITE HANGING HEART T-LIGHT HOLDER'],['HEART OF WICKER SMALL'],0.12544483985765126,0.06678158362989324,0.021741548042704627,0.1733156028368794,2.595260450806361,1.0,0.013364142978812325,1.1288690334214266,0.7028512851467271,0.12752772341813437,0.11415764770413153,0.24943881723858957
['HEART OF WICKER SMALL'],['WHITE HANGING HEART T-LIGHT HOLDER'],0.06678158362989324,0.12544483985765126,0.021741548042704627,0.32556203164029973,2.595260450806361,1.0,0.013364142978812325,1.2967169720135319,0.6586691898223037,0.12752772341813437,0.22882169233336408,0.24943881723858957
['LUNCH BAG  BLACK SKULL.'],['JUMBO BAG RED RETROSPOT'],0.07078514234875445,0.11615880782918149,0.02090747330960854,0.2953652788688138,2.5427712662406643,1.0,0.012685155562358314,1.2543253485322763,0.6529472560436048,0.12592096450100468,0.20275867726811878,0.2376778524549909
['JUMBO BAG RED RETROSPOT'],['LUNCH BAG  BLACK SKULL.'],0.11615880782918149,0.07078514234875445,0.02090747330960854,0.17999042604116802,2.5427712662406643,1.0,0.012685155562358314,1.1331756203347647,0.6864675429848808,0.12592096450100468,0.11752425479770005,0.2376778524549909
['PARTY BUNTING'],['REGENCY CAKESTAND 3 TIER'],0.0936943950177936,0.11054270462633452,0.02196396797153025,0.2344213649851632,2.120640758497573,1.0,0.011606736137935184,1.1618104982206405,0.583075299331092,0.12050030506406345,0.13927443285153632,0.2165567589513341
['REGENCY CAKESTAND 3 TIER'],['PARTY BUNTING'],0.11054270462633452,0.0936943950177936,0.02196396797153025,0.19869215291750503,2.1206407584975726,1.0,0.011606736137935184,1.131032983493174,0.5941200489995917,0.12050030506406345,0.11585248653711334,0.2165567589513341
['PARTY BUNTING'],['WHITE HANGING HEART T-LIGHT HOLDER'],0.0936943950177936,0.12544483985765126,0.021630338078291816,0.2308605341246291,1.8403350379864047,1.0,0.00987685969972518,1.1370566704011247,0.5038263895887757,0.10951576576576577,0.12053635844972847,0.20164480606940674
['WHITE HANGING HEART T-LIGHT HOLDER'],['PARTY BUNTING'],0.12544483985765126,0.0936943950177936,0.021630338078291816,0.1724290780141844,1.8403350379864047,1.0,0.00987685969972518,1.0951394991107968,0.5221176452128341,0.10951576576576577,0.08687431983600785,0.20164480606940674
['JUMBO BAG RED RETROSPOT'],['WHITE HANGING HEART T-LIGHT HOLDER'],0.11615880782918149,0.12544483985765126,0.02479982206405694,0.21349928195308762,1.7019375384061735,1.0,0.01022829901786958,1.1119572303940148,0.46663854865943405,0.11438830469351116,0.1006848351121775,0.20559715870704026
['WHITE HANGING HEART T-LIGHT HOLDER'],['JUMBO BAG RED RETROSPOT'],0.12544483985765126,0.11615880782918149,0.02479982206405694,0.19769503546099287,1.7019375384061732,1.0,0.01022829901786958,1.1016274748825228,0.4715933196173515,0.11438830469351116,0.09225212442469305,0.20559715870704026
